Cod_IBGE;Grande região;Município;Município;Mun_Total de casos;Mun_Total de óbitos;Estado;País
3500105;Interior;Adamantina, São Paulo, Brasil;Adamantina, São Paulo, Brasil;11627;190;São Paulo;Brasil
3500204;Interior;Adolfo;Adolfo, São Paulo, Brasil;1161;28;São Paulo;Brasil
3500303;Interior;Aguaí;Aguaí, São Paulo, Brasil;7507;139;São Paulo;Brasil
3500402;Interior;Águas da Prata;Águas da Prata, São Paulo, Brasil;2191;40;São Paulo;Brasil
3500501;Interior;Águas de Lindóia;Águas de Lindóia, São Paulo, Brasil;5661;67;São Paulo;Brasil
3500550;Interior;Águas de Santa Bárbara;Águas de Santa Bárbara, São Paulo, Brasil;623;25;São Paulo;Brasil
3500600;Interior;Águas de São Pedro;Águas de São Pedro, São Paulo, Brasil;478;17;São Paulo;Brasil
3500709;Interior;Agudos;Agudos, São Paulo, Brasil;9331;123;São Paulo;Brasil
3500758;Interior;Alambari;Alambari, São Paulo, Brasil;1670;13;São Paulo;Brasil
3500808;Interior;Alfredo Marcondes;Alfredo Marcondes, São Paulo, Brasil;320;23;São Paulo;Brasil
3500907;Interior;Altair;Altair, São Paulo, Brasil;325;18;São Paulo;Brasil
3501004;Interior;Altinópolis;Altinópolis, São Paulo, Brasil;1248;68;São Paulo;Brasil
3501103;Interior;Alto Alegre;Alto Alegre, São Paulo, Brasil;425;29;São Paulo;Brasil
3501152;Interior;Alumínio;Alumínio, São Paulo, Brasil;1750;56;São Paulo;Brasil
3501202;Interior;Álvares Florence;Álvares Florence, São Paulo, Brasil;652;19;São Paulo;Brasil
3501301;Interior;Álvares Machado;Álvares Machado, São Paulo, Brasil;4338;95;São Paulo;Brasil
3501400;Interior;Álvaro de Carvalho;Álvaro de Carvalho, São Paulo, Brasil;356;9;São Paulo;Brasil
3501509;Interior;Alvinlândia;Alvinlândia, São Paulo, Brasil;158;10;São Paulo;Brasil
3501608;Interior;Americana;Americana, São Paulo, Brasil;28358;1017;São Paulo;Brasil
3501707;Interior;Américo Brasiliense;Américo Brasiliense, São Paulo, Brasil;7708;114;São Paulo;Brasil
3501806;Interior;Américo de Campos;Américo de Campos, São Paulo, Brasil;1296;39;São Paulo;Brasil
3501905;Interior;Amparo;Amparo, São Paulo, Brasil;10655;265;São Paulo;Brasil
3502002;Interior;Analândia;Analândia, São Paulo, Brasil;749;6;São Paulo;Brasil
3502101;Interior;Andradina;Andradina, São Paulo, Brasil;15919;320;São Paulo;Brasil
3502200;Interior;Angatuba;Angatuba, São Paulo, Brasil;6096;95;São Paulo;Brasil
3502309;Interior;Anhembi;Anhembi, São Paulo, Brasil;460;16;São Paulo;Brasil
3502408;Interior;Anhumas;Anhumas, São Paulo, Brasil;409;10;São Paulo;Brasil
3502507;Interior;Aparecida;Aparecida, São Paulo, Brasil;3001;129;São Paulo;Brasil
3502606;Interior;Aparecida d'Oeste;Aparecida d'Oeste, São Paulo, Brasil;1808;28;São Paulo;Brasil
3502705;Interior;Apiaí;Apiaí, São Paulo, Brasil;1810;112;São Paulo;Brasil
3502754;Interior;Araçariguama;Araçariguama, São Paulo, Brasil;3254;78;São Paulo;Brasil
3502804;Interior;Araçatuba;Araçatuba, São Paulo, Brasil;48981;1028;São Paulo;Brasil
3502903;Interior;Araçoiaba da Serra;Araçoiaba da Serra, São Paulo, Brasil;3316;104;São Paulo;Brasil
3503000;Interior;Aramina;Aramina, São Paulo, Brasil;395;20;São Paulo;Brasil
3503109;Interior;Arandu;Arandu, São Paulo, Brasil;668;22;São Paulo;Brasil
3503158;Interior;Arapeí;Arapeí, São Paulo, Brasil;277;7;São Paulo;Brasil
3503208;Interior;Araraquara;Araraquara, São Paulo, Brasil;68030;670;São Paulo;Brasil
3503307;Interior;Araras;Araras, São Paulo, Brasil;20508;467;São Paulo;Brasil
3503356;Interior;Arco-Íris;Arco-Íris, São Paulo, Brasil;631;10;São Paulo;Brasil
3503406;Interior;Arealva;Arealva, São Paulo, Brasil;2209;31;São Paulo;Brasil
3503505;Interior;Areias;Areias, São Paulo, Brasil;400;6;São Paulo;Brasil
3503604;Interior;Areiópolis;Areiópolis, São Paulo, Brasil;2387;33;São Paulo;Brasil
3503703;Interior;Ariranha;Ariranha, São Paulo, Brasil;1043;38;São Paulo;Brasil
3503802;Interior;Artur Nogueira;Artur Nogueira, São Paulo, Brasil;9290;170;São Paulo;Brasil
3503901;RMSP (exceto capital);Arujá;Arujá, São Paulo, Brasil;12818;366;São Paulo;Brasil
3503950;Interior;Aspásia;Aspásia, São Paulo, Brasil;634;12;São Paulo;Brasil
3504008;Interior;Assis;Assis, São Paulo, Brasil;26663;483;São Paulo;Brasil
3504107;Interior;Atibaia;Atibaia, São Paulo, Brasil;13438;511;São Paulo;Brasil
3504206;Interior;Auriflama;Auriflama, São Paulo, Brasil;2558;90;São Paulo;Brasil
3504305;Interior;Avaí;Avaí, São Paulo, Brasil;837;14;São Paulo;Brasil
3504404;Interior;Avanhandava;Avanhandava, São Paulo, Brasil;1996;50;São Paulo;Brasil
3504503;Interior;Avaré;Avaré, São Paulo, Brasil;15791;334;São Paulo;Brasil
3504602;Interior;Bady Bassitt;Bady Bassitt, São Paulo, Brasil;4596;104;São Paulo;Brasil
3504701;Interior;Balbinos;Balbinos, São Paulo, Brasil;820;4;São Paulo;Brasil
3504800;Interior;Bálsamo;Bálsamo, São Paulo, Brasil;3161;78;São Paulo;Brasil
3504909;Interior;Bananal;Bananal, São Paulo, Brasil;1169;11;São Paulo;Brasil
3505005;Interior;Barão de Antonina;Barão de Antonina, São Paulo, Brasil;1049;11;São Paulo;Brasil
3505104;Interior;Barbosa;Barbosa, São Paulo, Brasil;992;25;São Paulo;Brasil
3505203;Interior;Bariri;Bariri, São Paulo, Brasil;8026;160;São Paulo;Brasil
3505302;Interior;Barra Bonita;Barra Bonita, São Paulo, Brasil;5657;130;São Paulo;Brasil
3505351;Interior;Barra do Chapéu;Barra do Chapéu, São Paulo, Brasil;469;16;São Paulo;Brasil
3505401;Interior;Barra do Turvo;Barra do Turvo, São Paulo, Brasil;915;27;São Paulo;Brasil
3505500;Interior;Barretos;Barretos, São Paulo, Brasil;32230;651;São Paulo;Brasil
3505609;Interior;Barrinha;Barrinha, São Paulo, Brasil;1772;94;São Paulo;Brasil
3505708;RMSP (exceto capital);Barueri;Barueri, São Paulo, Brasil;48521;1273;São Paulo;Brasil
3505807;Interior;Bastos;Bastos, São Paulo, Brasil;4148;101;São Paulo;Brasil
3505906;Interior;Batatais;Batatais, São Paulo, Brasil;7121;212;São Paulo;Brasil
3506003;Interior;Bauru;Bauru, São Paulo, Brasil;90895;1492;São Paulo;Brasil
3506102;Interior;Bebedouro;Bebedouro, São Paulo, Brasil;6200;366;São Paulo;Brasil
3506201;Interior;Bento de Abreu;Bento de Abreu, São Paulo, Brasil;681;6;São Paulo;Brasil
3506300;Interior;Bernardino de Campos;Bernardino de Campos, São Paulo, Brasil;2067;42;São Paulo;Brasil
3506359;Interior;Bertioga;Bertioga, São Paulo, Brasil;11712;202;São Paulo;Brasil
3506409;Interior;Bilac;Bilac, São Paulo, Brasil;970;26;São Paulo;Brasil
3506508;Interior;Birigui;Birigui, São Paulo, Brasil;31973;656;São Paulo;Brasil
3506607;RMSP (exceto capital);Biritiba Mirim;Biritiba Mirim, São Paulo, Brasil;1596;121;São Paulo;Brasil
3506706;Interior;Boa Esperança do Sul;Boa Esperança do Sul, São Paulo, Brasil;2707;29;São Paulo;Brasil
3506805;Interior;Bocaina;Bocaina, São Paulo, Brasil;2528;40;São Paulo;Brasil
3506904;Interior;Bofete;Bofete, São Paulo, Brasil;2714;30;São Paulo;Brasil
3507001;Interior;Boituva;Boituva, São Paulo, Brasil;7107;218;São Paulo;Brasil
3507100;Interior;Bom Jesus dos Perdões;Bom Jesus dos Perdões, São Paulo, Brasil;2562;59;São Paulo;Brasil
3507159;Interior;Bom Sucesso de Itararé;Bom Sucesso de Itararé, São Paulo, Brasil;701;7;São Paulo;Brasil
3507209;Interior;Borá;Borá, São Paulo, Brasil;223;2;São Paulo;Brasil
3507308;Interior;Boracéia;Boracéia, São Paulo, Brasil;1065;27;São Paulo;Brasil
3507407;Interior;Borborema;Borborema, São Paulo, Brasil;4819;60;São Paulo;Brasil
3507456;Interior;Borebi;Borebi, São Paulo, Brasil;310;4;São Paulo;Brasil
3507506;Interior;Botucatu;Botucatu, São Paulo, Brasil;56462;402;São Paulo;Brasil
3507605;Interior;Bragança Paulista;Bragança Paulista, São Paulo, Brasil;48889;654;São Paulo;Brasil
3507704;Interior;Braúna;Braúna, São Paulo, Brasil;637;27;São Paulo;Brasil
3507753;Interior;Brejo Alegre;Brejo Alegre, São Paulo, Brasil;925;14;São Paulo;Brasil
3507803;Interior;Brodowski;Brodowski, São Paulo, Brasil;4920;88;São Paulo;Brasil
3507902;Interior;Brotas;Brotas, São Paulo, Brasil;8114;77;São Paulo;Brasil
3508009;Interior;Buri;Buri, São Paulo, Brasil;4628;108;São Paulo;Brasil
3508108;Interior;Buritama;Buritama, São Paulo, Brasil;6059;92;São Paulo;Brasil
3508207;Interior;Buritizal;Buritizal, São Paulo, Brasil;360;10;São Paulo;Brasil
3508306;Interior;Cabrália Paulista;Cabrália Paulista, São Paulo, Brasil;1226;9;São Paulo;Brasil
3508405;Interior;Cabreúva;Cabreúva, São Paulo, Brasil;8479;158;São Paulo;Brasil
3508504;Interior;Caçapava;Caçapava, São Paulo, Brasil;16757;333;São Paulo;Brasil
3508603;Interior;Cachoeira Paulista;Cachoeira Paulista, São Paulo, Brasil;5848;73;São Paulo;Brasil
3508702;Interior;Caconde;Caconde, São Paulo, Brasil;3741;46;São Paulo;Brasil
3508801;Interior;Cafelândia;Cafelândia, São Paulo, Brasil;905;61;São Paulo;Brasil
3508900;Interior;Caiabu;Caiabu, São Paulo, Brasil;338;9;São Paulo;Brasil
3509007;RMSP (exceto capital);Caieiras;Caieiras, São Paulo, Brasil;14332;366;São Paulo;Brasil
3509106;Interior;Caiuá;Caiuá, São Paulo, Brasil;527;12;São Paulo;Brasil
3509205;RMSP (exceto capital);Cajamar;Cajamar, São Paulo, Brasil;5690;272;São Paulo;Brasil
3509254;Interior;Cajati;Cajati, São Paulo, Brasil;7011;116;São Paulo;Brasil
3509304;Interior;Cajobi;Cajobi, São Paulo, Brasil;2351;38;São Paulo;Brasil
3509403;Interior;Cajuru;Cajuru, São Paulo, Brasil;2191;88;São Paulo;Brasil
3509452;Interior;Campina do Monte Alegre;Campina do Monte Alegre, São Paulo, Brasil;641;29;São Paulo;Brasil
3509502;Interior;Campinas;Campinas, São Paulo, Brasil;224392;5480;São Paulo;Brasil
3509601;Interior;Campo Limpo Paulista;Campo Limpo Paulista, São Paulo, Brasil;11051;317;São Paulo;Brasil
3509700;Interior;Campos do Jordão;Campos do Jordão, São Paulo, Brasil;13206;164;São Paulo;Brasil
3509809;Interior;Campos Novos Paulista;Campos Novos Paulista, São Paulo, Brasil;325;14;São Paulo;Brasil
3509908;Interior;Cananéia;Cananéia, São Paulo, Brasil;2556;37;São Paulo;Brasil
3509957;Interior;Canas;Canas, São Paulo, Brasil;244;9;São Paulo;Brasil
3510005;Interior;Cândido Mota;Cândido Mota, São Paulo, Brasil;7993;189;São Paulo;Brasil
3510104;Interior;Cândido Rodrigues;Cândido Rodrigues, São Paulo, Brasil;153;8;São Paulo;Brasil
3510153;Interior;Canitar;Canitar, São Paulo, Brasil;1607;30;São Paulo;Brasil
3510203;Interior;Capão Bonito;Capão Bonito, São Paulo, Brasil;10513;183;São Paulo;Brasil
3510302;Interior;Capela do Alto;Capela do Alto, São Paulo, Brasil;1737;52;São Paulo;Brasil
3510401;Interior;Capivari;Capivari, São Paulo, Brasil;5966;188;São Paulo;Brasil
3510500;Interior;Caraguatatuba;Caraguatatuba, São Paulo, Brasil;37783;546;São Paulo;Brasil
3510609;RMSP (exceto capital);Carapicuíba;Carapicuíba, São Paulo, Brasil;42525;1288;São Paulo;Brasil
3510708;Interior;Cardoso;Cardoso, São Paulo, Brasil;3730;72;São Paulo;Brasil
3510807;Interior;Casa Branca;Casa Branca, São Paulo, Brasil;6558;134;São Paulo;Brasil
3510906;Interior;Cássia dos Coqueiros;Cássia dos Coqueiros, São Paulo, Brasil;258;4;São Paulo;Brasil
3511003;Interior;Castilho;Castilho, São Paulo, Brasil;4699;102;São Paulo;Brasil
3511102;Interior;Catanduva;Catanduva, São Paulo, Brasil;39299;740;São Paulo;Brasil
3511201;Interior;Catiguá;Catiguá, São Paulo, Brasil;928;43;São Paulo;Brasil
3511300;Interior;Cedral;Cedral, São Paulo, Brasil;3944;41;São Paulo;Brasil
3511409;Interior;Cerqueira César;Cerqueira César, São Paulo, Brasil;4211;64;São Paulo;Brasil
3511508;Interior;Cerquilho;Cerquilho, São Paulo, Brasil;15669;175;São Paulo;Brasil
3511607;Interior;Cesário Lange;Cesário Lange, São Paulo, Brasil;4650;87;São Paulo;Brasil
3511706;Interior;Charqueada;Charqueada, São Paulo, Brasil;4327;52;São Paulo;Brasil
3511904;Interior;Clementina;Clementina, São Paulo, Brasil;982;25;São Paulo;Brasil
3512001;Interior;Colina;Colina, São Paulo, Brasil;2614;73;São Paulo;Brasil
3512100;Interior;Colômbia;Colômbia, São Paulo, Brasil;1336;20;São Paulo;Brasil
3512209;Interior;Conchal;Conchal, São Paulo, Brasil;5178;96;São Paulo;Brasil
3512308;Interior;Conchas;Conchas, São Paulo, Brasil;3965;86;São Paulo;Brasil
3512407;Interior;Cordeirópolis;Cordeirópolis, São Paulo, Brasil;6045;117;São Paulo;Brasil
3512506;Interior;Coroados;Coroados, São Paulo, Brasil;1589;24;São Paulo;Brasil
3512605;Interior;Coronel Macedo;Coronel Macedo, São Paulo, Brasil;692;30;São Paulo;Brasil
3512704;Interior;Corumbataí;Corumbataí, São Paulo, Brasil;1077;9;São Paulo;Brasil
3512803;Interior;Cosmópolis;Cosmópolis, São Paulo, Brasil;8041;198;São Paulo;Brasil
3512902;Interior;Cosmorama;Cosmorama, São Paulo, Brasil;2268;48;São Paulo;Brasil
3513009;RMSP (exceto capital);Cotia;Cotia, São Paulo, Brasil;30383;817;São Paulo;Brasil
3513108;Interior;Cravinhos;Cravinhos, São Paulo, Brasil;2280;118;São Paulo;Brasil
3513207;Interior;Cristais Paulista;Cristais Paulista, São Paulo, Brasil;1307;20;São Paulo;Brasil
3513306;Interior;Cruzália;Cruzália, São Paulo, Brasil;226;6;São Paulo;Brasil
3513405;Interior;Cruzeiro;Cruzeiro, São Paulo, Brasil;7231;249;São Paulo;Brasil
3513504;Interior;Cubatão;Cubatão, São Paulo, Brasil;17828;550;São Paulo;Brasil
3513603;Interior;Cunha;Cunha, São Paulo, Brasil;1194;45;São Paulo;Brasil
3513702;Interior;Descalvado;Descalvado, São Paulo, Brasil;9280;106;São Paulo;Brasil
3513801;RMSP (exceto capital);Diadema;Diadema, São Paulo, Brasil;31807;1580;São Paulo;Brasil
3513850;Interior;Dirce Reis;Dirce Reis, São Paulo, Brasil;329;6;São Paulo;Brasil
3513900;Interior;Divinolândia;Divinolândia, São Paulo, Brasil;2284;49;São Paulo;Brasil
3514007;Interior;Dobrada;Dobrada, São Paulo, Brasil;636;13;São Paulo;Brasil
3514106;Interior;Dois Córregos;Dois Córregos, São Paulo, Brasil;2092;46;São Paulo;Brasil
3514205;Interior;Dolcinópolis;Dolcinópolis, São Paulo, Brasil;472;9;São Paulo;Brasil
3514304;Interior;Dourado;Dourado, São Paulo, Brasil;2754;27;São Paulo;Brasil
3514403;Interior;Dracena;Dracena, São Paulo, Brasil;12148;305;São Paulo;Brasil
3514502;Interior;Duartina;Duartina, São Paulo, Brasil;2303;35;São Paulo;Brasil
3514601;Interior;Dumont;Dumont, São Paulo, Brasil;2784;30;São Paulo;Brasil
3514700;Interior;Echaporã;Echaporã, São Paulo, Brasil;821;29;São Paulo;Brasil
3514809;Interior;Eldorado;Eldorado, São Paulo, Brasil;3400;34;São Paulo;Brasil
3514908;Interior;Elias Fausto;Elias Fausto, São Paulo, Brasil;2791;42;São Paulo;Brasil
3514924;Interior;Elisiário;Elisiário, São Paulo, Brasil;634;13;São Paulo;Brasil
3514957;Interior;Embaúba;Embaúba, São Paulo, Brasil;132;11;São Paulo;Brasil
3515004;RMSP (exceto capital);Embu das Artes;Embu das Artes, São Paulo, Brasil;11301;756;São Paulo;Brasil
3515103;RMSP (exceto capital);Embu-Guaçu;Embu-Guaçu, São Paulo, Brasil;5947;242;São Paulo;Brasil
3515129;Interior;Emilianópolis;Emilianópolis, São Paulo, Brasil;921;10;São Paulo;Brasil
3515152;Interior;Engenheiro Coelho;Engenheiro Coelho, São Paulo, Brasil;4577;66;São Paulo;Brasil
3515186;Interior;Espírito Santo do Pinhal;Espírito Santo do Pinhal, São Paulo, Brasil;14616;142;São Paulo;Brasil
3515194;Interior;Espírito Santo do Turvo;Espírito Santo do Turvo, São Paulo, Brasil;818;11;São Paulo;Brasil
3515202;Interior;Estrela d'Oeste;Estrela d'Oeste, São Paulo, Brasil;3309;40;São Paulo;Brasil
3515301;Interior;Estrela do Norte;Estrela do Norte, São Paulo, Brasil;749;9;São Paulo;Brasil
3515350;Interior;Euclides da Cunha Paulista;Euclides da Cunha Paulista, São Paulo, Brasil;539;19;São Paulo;Brasil
3515400;Interior;Fartura;Fartura, São Paulo, Brasil;4469;68;São Paulo;Brasil
3515509;Interior;Fernandópolis;Fernandópolis, São Paulo, Brasil;19280;421;São Paulo;Brasil
3515608;Interior;Fernando Prestes;Fernando Prestes, São Paulo, Brasil;1441;15;São Paulo;Brasil
3515657;Interior;Fernão;Fernão, São Paulo, Brasil;770;5;São Paulo;Brasil
3515707;RMSP (exceto capital);Ferraz de Vasconcelos;Ferraz de Vasconcelos, São Paulo, Brasil;10767;533;São Paulo;Brasil
3515806;Interior;Flora Rica;Flora Rica, São Paulo, Brasil;149;10;São Paulo;Brasil
3515905;Interior;Floreal;Floreal, São Paulo, Brasil;1019;9;São Paulo;Brasil
3516002;Interior;Flórida Paulista;Flórida Paulista, São Paulo, Brasil;3560;41;São Paulo;Brasil
3516101;Interior;Florínea;Florínea, São Paulo, Brasil;447;17;São Paulo;Brasil
3516200;Interior;Franca;Franca, São Paulo, Brasil;39283;1320;São Paulo;Brasil
3516309;RMSP (exceto capital);Francisco Morato;Francisco Morato, São Paulo, Brasil;15771;479;São Paulo;Brasil
3516408;RMSP (exceto capital);Franco da Rocha;Franco da Rocha, São Paulo, Brasil;18680;445;São Paulo;Brasil
3516507;Interior;Gabriel Monteiro;Gabriel Monteiro, São Paulo, Brasil;1246;8;São Paulo;Brasil
3516606;Interior;Gália;Gália, São Paulo, Brasil;1135;24;São Paulo;Brasil
3516705;Interior;Garça;Garça, São Paulo, Brasil;12503;173;São Paulo;Brasil
3516804;Interior;Gastão Vidigal;Gastão Vidigal, São Paulo, Brasil;650;18;São Paulo;Brasil
3516853;Interior;Gavião Peixoto;Gavião Peixoto, São Paulo, Brasil;2169;24;São Paulo;Brasil
3516903;Interior;General Salgado;General Salgado, São Paulo, Brasil;1595;50;São Paulo;Brasil
3517000;Interior;Getulina;Getulina, São Paulo, Brasil;1074;38;São Paulo;Brasil
3517109;Interior;Glicério;Glicério, São Paulo, Brasil;1407;23;São Paulo;Brasil
3517208;Interior;Guaiçara;Guaiçara, São Paulo, Brasil;1877;31;São Paulo;Brasil
3517307;Interior;Guaimbê;Guaimbê, São Paulo, Brasil;1080;9;São Paulo;Brasil
3517406;Interior;Guaíra;Guaíra, São Paulo, Brasil;9718;245;São Paulo;Brasil
3517505;Interior;Guapiaçu;Guapiaçu, São Paulo, Brasil;2484;100;São Paulo;Brasil
3517604;Interior;Guapiara;Guapiara, São Paulo, Brasil;3118;96;São Paulo;Brasil
3517703;Interior;Guará;Guará, São Paulo, Brasil;3846;118;São Paulo;Brasil
3517802;Interior;Guaraçaí;Guaraçaí, São Paulo, Brasil;1662;30;São Paulo;Brasil
3517901;Interior;Guaraci;Guaraci, São Paulo, Brasil;2648;32;São Paulo;Brasil
3518008;Interior;Guarani d'Oeste;Guarani d'Oeste, São Paulo, Brasil;933;9;São Paulo;Brasil
3518107;Interior;Guarantã;Guarantã, São Paulo, Brasil;322;25;São Paulo;Brasil
3518206;Interior;Guararapes;Guararapes, São Paulo, Brasil;10100;137;São Paulo;Brasil
3518305;RMSP (exceto capital);Guararema;Guararema, São Paulo, Brasil;2594;112;São Paulo;Brasil
3518404;Interior;Guaratinguetá;Guaratinguetá, São Paulo, Brasil;17388;393;São Paulo;Brasil
3518503;Interior;Guareí;Guareí, São Paulo, Brasil;4510;40;São Paulo;Brasil
3518602;Interior;Guariba;Guariba, São Paulo, Brasil;5397;131;São Paulo;Brasil
3518701;Interior;Guarujá;Guarujá, São Paulo, Brasil;32107;1562;São Paulo;Brasil
3518800;RMSP (exceto capital);Guarulhos;Guarulhos, São Paulo, Brasil;109579;5618;São Paulo;Brasil
3518859;Interior;Guatapará;Guatapará, São Paulo, Brasil;1246;28;São Paulo;Brasil
3518909;Interior;Guzolândia;Guzolândia, São Paulo, Brasil;898;34;São Paulo;Brasil
3519006;Interior;Herculândia;Herculândia, São Paulo, Brasil;1259;34;São Paulo;Brasil
3519055;Interior;Holambra;Holambra, São Paulo, Brasil;3903;23;São Paulo;Brasil
3519071;Interior;Hortolândia;Hortolândia, São Paulo, Brasil;40556;896;São Paulo;Brasil
3519105;Interior;Iacanga;Iacanga, São Paulo, Brasil;1926;34;São Paulo;Brasil
3519204;Interior;Iacri;Iacri, São Paulo, Brasil;1827;25;São Paulo;Brasil
3519253;Interior;Iaras;Iaras, São Paulo, Brasil;302;24;São Paulo;Brasil
3519303;Interior;Ibaté;Ibaté, São Paulo, Brasil;6264;114;São Paulo;Brasil
3519402;Interior;Ibirá;Ibirá, São Paulo, Brasil;2727;54;São Paulo;Brasil
3519501;Interior;Ibirarema;Ibirarema, São Paulo, Brasil;1227;38;São Paulo;Brasil
3519600;Interior;Ibitinga;Ibitinga, São Paulo, Brasil;15900;311;São Paulo;Brasil
3519709;Interior;Ibiúna;Ibiúna, São Paulo, Brasil;5356;163;São Paulo;Brasil
3519808;Interior;Icém;Icém, São Paulo, Brasil;2095;40;São Paulo;Brasil
3519907;Interior;Iepê;Iepê, São Paulo, Brasil;1848;36;São Paulo;Brasil
3520004;Interior;Igaraçu do Tietê;Igaraçu do Tietê, São Paulo, Brasil;5660;76;São Paulo;Brasil
3520103;Interior;Igarapava;Igarapava, São Paulo, Brasil;1418;109;São Paulo;Brasil
3520202;Interior;Igaratá;Igaratá, São Paulo, Brasil;2473;42;São Paulo;Brasil
3520301;Interior;Iguape;Iguape, São Paulo, Brasil;5794;125;São Paulo;Brasil
3520400;Interior;Ilhabela;Ilhabela, São Paulo, Brasil;7500;52;São Paulo;Brasil
3520426;Interior;Ilha Comprida;Ilha Comprida, São Paulo, Brasil;4252;65;São Paulo;Brasil
3520442;Interior;Ilha Solteira;Ilha Solteira, São Paulo, Brasil;4461;123;São Paulo;Brasil
3520509;Interior;Indaiatuba;Indaiatuba, São Paulo, Brasil;28553;888;São Paulo;Brasil
3520608;Interior;Indiana;Indiana, São Paulo, Brasil;459;14;São Paulo;Brasil
3520707;Interior;Indiaporã;Indiaporã, São Paulo, Brasil;1359;14;São Paulo;Brasil
3520806;Interior;Inúbia Paulista;Inúbia Paulista, São Paulo, Brasil;1374;22;São Paulo;Brasil
3520905;Interior;Ipaussu;Ipaussu, São Paulo, Brasil;4665;57;São Paulo;Brasil
3521002;Interior;Iperó;Iperó, São Paulo, Brasil;6293;78;São Paulo;Brasil
3521101;Interior;Ipeúna;Ipeúna, São Paulo, Brasil;789;24;São Paulo;Brasil
3521150;Interior;Ipiguá;Ipiguá, São Paulo, Brasil;2042;33;São Paulo;Brasil
3521200;Interior;Iporanga;Iporanga, São Paulo, Brasil;954;9;São Paulo;Brasil
3521309;Interior;Ipuã;Ipuã, São Paulo, Brasil;2830;70;São Paulo;Brasil
3521408;Interior;Iracemápolis;Iracemápolis, São Paulo, Brasil;6916;113;São Paulo;Brasil
3521507;Interior;Irapuã;Irapuã, São Paulo, Brasil;1571;34;São Paulo;Brasil
3521606;Interior;Irapuru;Irapuru, São Paulo, Brasil;1914;44;São Paulo;Brasil
3521705;Interior;Itaberá;Itaberá, São Paulo, Brasil;5867;80;São Paulo;Brasil
3521804;Interior;Itaí;Itaí, São Paulo, Brasil;7696;95;São Paulo;Brasil
3521903;Interior;Itajobi;Itajobi, São Paulo, Brasil;5576;74;São Paulo;Brasil
3522000;Interior;Itaju;Itaju, São Paulo, Brasil;1005;14;São Paulo;Brasil
3522109;Interior;Itanhaém;Itanhaém, São Paulo, Brasil;14110;420;São Paulo;Brasil
3522158;Interior;Itaoca;Itaoca, São Paulo, Brasil;287;8;São Paulo;Brasil
3522208;RMSP (exceto capital);Itapecerica da Serra;Itapecerica da Serra, São Paulo, Brasil;13109;501;São Paulo;Brasil
3522307;Interior;Itapetininga;Itapetininga, São Paulo, Brasil;18292;617;São Paulo;Brasil
3522406;Interior;Itapeva;Itapeva, São Paulo, Brasil;23603;478;São Paulo;Brasil
3522505;RMSP (exceto capital);Itapevi;Itapevi, São Paulo, Brasil;13104;782;São Paulo;Brasil
3522604;Interior;Itapira;Itapira, São Paulo, Brasil;17322;378;São Paulo;Brasil
3522653;Interior;Itapirapuã Paulista;Itapirapuã Paulista, São Paulo, Brasil;1352;8;São Paulo;Brasil
3522703;Interior;Itápolis;Itápolis, São Paulo, Brasil;14771;187;São Paulo;Brasil
3522802;Interior;Itaporanga;Itaporanga, São Paulo, Brasil;3296;62;São Paulo;Brasil
3522901;Interior;Itapuí;Itapuí, São Paulo, Brasil;2618;49;São Paulo;Brasil
3523008;Interior;Itapura;Itapura, São Paulo, Brasil;684;17;São Paulo;Brasil
3523107;RMSP (exceto capital);Itaquaquecetuba;Itaquaquecetuba, São Paulo, Brasil;32744;1172;São Paulo;Brasil
3523206;Interior;Itararé;Itararé, São Paulo, Brasil;10967;278;São Paulo;Brasil
3523305;Interior;Itariri;Itariri, São Paulo, Brasil;1960;55;São Paulo;Brasil
3523404;Interior;Itatiba;Itatiba, São Paulo, Brasil;29159;390;São Paulo;Brasil
3523503;Interior;Itatinga;Itatinga, São Paulo, Brasil;4615;70;São Paulo;Brasil
3523602;Interior;Itirapina;Itirapina, São Paulo, Brasil;3049;51;São Paulo;Brasil
3523701;Interior;Itirapuã;Itirapuã, São Paulo, Brasil;324;8;São Paulo;Brasil
3523800;Interior;Itobi;Itobi, São Paulo, Brasil;1367;24;São Paulo;Brasil
3523909;Interior;Itu;Itu, São Paulo, Brasil;38615;600;São Paulo;Brasil
3524006;Interior;Itupeva;Itupeva, São Paulo, Brasil;9793;171;São Paulo;Brasil
3524105;Interior;Ituverava;Ituverava, São Paulo, Brasil;4009;162;São Paulo;Brasil
3524204;Interior;Jaborandi;Jaborandi, São Paulo, Brasil;609;25;São Paulo;Brasil
3524303;Interior;Jaboticabal;Jaboticabal, São Paulo, Brasil;9329;291;São Paulo;Brasil
3524402;Interior;Jacareí;Jacareí, São Paulo, Brasil;30743;921;São Paulo;Brasil
3524501;Interior;Jaci;Jaci, São Paulo, Brasil;2816;34;São Paulo;Brasil
3524600;Interior;Jacupiranga;Jacupiranga, São Paulo, Brasil;3375;66;São Paulo;Brasil
3524709;Interior;Jaguariúna;Jaguariúna, São Paulo, Brasil;12350;201;São Paulo;Brasil
3524808;Interior;Jales;Jales, São Paulo, Brasil;16499;316;São Paulo;Brasil
3524907;Interior;Jambeiro;Jambeiro, São Paulo, Brasil;517;18;São Paulo;Brasil
3525003;RMSP (exceto capital);Jandira;Jandira, São Paulo, Brasil;9842;368;São Paulo;Brasil
3525102;Interior;Jardinópolis;Jardinópolis, São Paulo, Brasil;5202;170;São Paulo;Brasil
3525201;Interior;Jarinu;Jarinu, São Paulo, Brasil;3509;97;São Paulo;Brasil
3525300;Interior;Jaú;Jaú, São Paulo, Brasil;24226;620;São Paulo;Brasil
3525409;Interior;Jeriquara;Jeriquara, São Paulo, Brasil;647;3;São Paulo;Brasil
3525508;Interior;Joanópolis;Joanópolis, São Paulo, Brasil;1513;20;São Paulo;Brasil
3525607;Interior;João Ramalho;João Ramalho, São Paulo, Brasil;1223;15;São Paulo;Brasil
3525706;Interior;José Bonifácio;José Bonifácio, São Paulo, Brasil;9713;176;São Paulo;Brasil
3525805;Interior;Júlio Mesquita;Júlio Mesquita, São Paulo, Brasil;364;17;São Paulo;Brasil
3525854;Interior;Jumirim;Jumirim, São Paulo, Brasil;635;8;São Paulo;Brasil
3525904;Interior;Jundiaí;Jundiaí, São Paulo, Brasil;74329;1841;São Paulo;Brasil
3526001;Interior;Junqueirópolis;Junqueirópolis, São Paulo, Brasil;5272;105;São Paulo;Brasil
3526100;Interior;Juquiá;Juquiá, São Paulo, Brasil;3329;70;São Paulo;Brasil
3526209;RMSP (exceto capital);Juquitiba;Juquitiba, São Paulo, Brasil;1833;87;São Paulo;Brasil
3526308;Interior;Lagoinha;Lagoinha, São Paulo, Brasil;246;16;São Paulo;Brasil
3526407;Interior;Laranjal Paulista;Laranjal Paulista, São Paulo, Brasil;6380;144;São Paulo;Brasil
3526506;Interior;Lavínia;Lavínia, São Paulo, Brasil;1605;21;São Paulo;Brasil
3526605;Interior;Lavrinhas;Lavrinhas, São Paulo, Brasil;383;16;São Paulo;Brasil
3526704;Interior;Leme;Leme, São Paulo, Brasil;22093;479;São Paulo;Brasil
3526803;Interior;Lençóis Paulista;Lençóis Paulista, São Paulo, Brasil;25975;212;São Paulo;Brasil
3526902;Interior;Limeira;Limeira, São Paulo, Brasil;43897;1311;São Paulo;Brasil
3527009;Interior;Lindóia;Lindóia, São Paulo, Brasil;2878;23;São Paulo;Brasil
3527108;Interior;Lins;Lins, São Paulo, Brasil;14504;344;São Paulo;Brasil
3527207;Interior;Lorena;Lorena, São Paulo, Brasil;8052;284;São Paulo;Brasil
3527256;Interior;Lourdes;Lourdes, São Paulo, Brasil;461;6;São Paulo;Brasil
3527306;Interior;Louveira;Louveira, São Paulo, Brasil;12298;132;São Paulo;Brasil
3527405;Interior;Lucélia;Lucélia, São Paulo, Brasil;4616;82;São Paulo;Brasil
3527504;Interior;Lucianópolis;Lucianópolis, São Paulo, Brasil;505;6;São Paulo;Brasil
3527603;Interior;Luís Antônio;Luís Antônio, São Paulo, Brasil;3697;46;São Paulo;Brasil
3527702;Interior;Luiziânia;Luiziânia, São Paulo, Brasil;493;14;São Paulo;Brasil
3527801;Interior;Lupércio;Lupércio, São Paulo, Brasil;278;8;São Paulo;Brasil
3527900;Interior;Lutécia;Lutécia, São Paulo, Brasil;953;8;São Paulo;Brasil
3528007;Interior;Macatuba;Macatuba, São Paulo, Brasil;5384;63;São Paulo;Brasil
3528106;Interior;Macaubal;Macaubal, São Paulo, Brasil;1904;25;São Paulo;Brasil
3528205;Interior;Macedônia;Macedônia, São Paulo, Brasil;1165;32;São Paulo;Brasil
3528304;Interior;Magda;Magda, São Paulo, Brasil;860;12;São Paulo;Brasil
3528403;Interior;Mairinque;Mairinque, São Paulo, Brasil;5301;92;São Paulo;Brasil
3528502;RMSP (exceto capital);Mairiporã;Mairiporã, São Paulo, Brasil;7612;290;São Paulo;Brasil
3528601;Interior;Manduri;Manduri, São Paulo, Brasil;998;32;São Paulo;Brasil
3528700;Interior;Marabá Paulista;Marabá Paulista, São Paulo, Brasil;915;6;São Paulo;Brasil
3528809;Interior;Maracaí;Maracaí, São Paulo, Brasil;3546;57;São Paulo;Brasil
3528858;Interior;Marapoama;Marapoama, São Paulo, Brasil;1222;15;São Paulo;Brasil
3528908;Interior;Mariápolis;Mariápolis, São Paulo, Brasil;1260;13;São Paulo;Brasil
3529005;Interior;Marília;Marília, São Paulo, Brasil;43276;1180;São Paulo;Brasil
3529104;Interior;Marinópolis;Marinópolis, São Paulo, Brasil;772;7;São Paulo;Brasil
3529203;Interior;Martinópolis;Martinópolis, São Paulo, Brasil;2623;103;São Paulo;Brasil
3529302;Interior;Matão;Matão, São Paulo, Brasil;7595;239;São Paulo;Brasil
3529401;RMSP (exceto capital);Mauá;Mauá, São Paulo, Brasil;38187;1701;São Paulo;Brasil
3529500;Interior;Mendonça;Mendonça, São Paulo, Brasil;2212;34;São Paulo;Brasil
3529609;Interior;Meridiano;Meridiano, São Paulo, Brasil;650;40;São Paulo;Brasil
3529658;Interior;Mesópolis;Mesópolis, São Paulo, Brasil;722;6;São Paulo;Brasil
3529708;Interior;Miguelópolis;Miguelópolis, São Paulo, Brasil;1539;107;São Paulo;Brasil
3529807;Interior;Mineiros do Tietê;Mineiros do Tietê, São Paulo, Brasil;2476;35;São Paulo;Brasil
3529906;Interior;Miracatu;Miracatu, São Paulo, Brasil;3668;86;São Paulo;Brasil
3530003;Interior;Mira Estrela;Mira Estrela, São Paulo, Brasil;611;16;São Paulo;Brasil
3530102;Interior;Mirandópolis;Mirandópolis, São Paulo, Brasil;2301;120;São Paulo;Brasil
3530201;Interior;Mirante do Paranapanema;Mirante do Paranapanema, São Paulo, Brasil;2916;53;São Paulo;Brasil
3530300;Interior;Mirassol;Mirassol, São Paulo, Brasil;10581;329;São Paulo;Brasil
3530409;Interior;Mirassolândia;Mirassolândia, São Paulo, Brasil;784;21;São Paulo;Brasil
3530508;Interior;Mococa;Mococa, São Paulo, Brasil;15064;298;São Paulo;Brasil
3530607;RMSP (exceto capital);Mogi das Cruzes;Mogi das Cruzes, São Paulo, Brasil;54606;1914;São Paulo;Brasil
3530706;Interior;Mogi Guaçu;Mogi Guaçu, São Paulo, Brasil;39763;721;São Paulo;Brasil
3530805;Interior;Mogi Mirim;Mogi Mirim, São Paulo, Brasil;26328;433;São Paulo;Brasil
3530904;Interior;Mombuca;Mombuca, São Paulo, Brasil;471;11;São Paulo;Brasil
3531001;Interior;Monções;Monções, São Paulo, Brasil;575;8;São Paulo;Brasil
3531100;Interior;Mongaguá;Mongaguá, São Paulo, Brasil;3073;114;São Paulo;Brasil
3531209;Interior;Monte Alegre do Sul;Monte Alegre do Sul, São Paulo, Brasil;1783;24;São Paulo;Brasil
3531308;Interior;Monte Alto;Monte Alto, São Paulo, Brasil;11084;226;São Paulo;Brasil
3531407;Interior;Monte Aprazível;Monte Aprazível, São Paulo, Brasil;4970;124;São Paulo;Brasil
3531506;Interior;Monte Azul Paulista;Monte Azul Paulista, São Paulo, Brasil;2395;31;São Paulo;Brasil
3531605;Interior;Monte Castelo;Monte Castelo, São Paulo, Brasil;1626;24;São Paulo;Brasil
3531704;Interior;Monteiro Lobato;Monteiro Lobato, São Paulo, Brasil;327;13;São Paulo;Brasil
3531803;Interior;Monte Mor;Monte Mor, São Paulo, Brasil;8467;177;São Paulo;Brasil
3531902;Interior;Morro Agudo;Morro Agudo, São Paulo, Brasil;6131;115;São Paulo;Brasil
3532009;Interior;Morungaba;Morungaba, São Paulo, Brasil;1091;41;São Paulo;Brasil
3532058;Interior;Motuca;Motuca, São Paulo, Brasil;378;11;São Paulo;Brasil
3532108;Interior;Murutinga do Sul;Murutinga do Sul, São Paulo, Brasil;1179;22;São Paulo;Brasil
3532157;Interior;Nantes;Nantes, São Paulo, Brasil;263;9;São Paulo;Brasil
3532207;Interior;Narandiba;Narandiba, São Paulo, Brasil;1910;25;São Paulo;Brasil
3532306;Interior;Natividade da Serra;Natividade da Serra, São Paulo, Brasil;254;15;São Paulo;Brasil
3532405;Interior;Nazaré Paulista;Nazaré Paulista, São Paulo, Brasil;3055;71;São Paulo;Brasil
3532504;Interior;Neves Paulista;Neves Paulista, São Paulo, Brasil;2697;66;São Paulo;Brasil
3532603;Interior;Nhandeara;Nhandeara, São Paulo, Brasil;3293;59;São Paulo;Brasil
3532702;Interior;Nipoã;Nipoã, São Paulo, Brasil;534;19;São Paulo;Brasil
3532801;Interior;Nova Aliança;Nova Aliança, São Paulo, Brasil;1574;35;São Paulo;Brasil
3532827;Interior;Nova Campina;Nova Campina, São Paulo, Brasil;1201;46;São Paulo;Brasil
3532843;Interior;Nova Canaã Paulista;Nova Canaã Paulista, São Paulo, Brasil;830;10;São Paulo;Brasil
3532868;Interior;Nova Castilho;Nova Castilho, São Paulo, Brasil;323;4;São Paulo;Brasil
3532900;Interior;Nova Europa;Nova Europa, São Paulo, Brasil;875;31;São Paulo;Brasil
3533007;Interior;Nova Granada;Nova Granada, São Paulo, Brasil;6529;89;São Paulo;Brasil
3533106;Interior;Nova Guataporanga;Nova Guataporanga, São Paulo, Brasil;173;5;São Paulo;Brasil
3533205;Interior;Nova Independência;Nova Independência, São Paulo, Brasil;1718;8;São Paulo;Brasil
3533254;Interior;Novais;Novais, São Paulo, Brasil;319;19;São Paulo;Brasil
3533304;Interior;Nova Luzitânia;Nova Luzitânia, São Paulo, Brasil;397;15;São Paulo;Brasil
3533403;Interior;Nova Odessa;Nova Odessa, São Paulo, Brasil;11297;284;São Paulo;Brasil
3533502;Interior;Novo Horizonte;Novo Horizonte, São Paulo, Brasil;6297;244;São Paulo;Brasil
3533601;Interior;Nuporanga;Nuporanga, São Paulo, Brasil;424;15;São Paulo;Brasil
3533700;Interior;Ocauçu;Ocauçu, São Paulo, Brasil;952;9;São Paulo;Brasil
3533809;Interior;Óleo;Óleo, São Paulo, Brasil;162;6;São Paulo;Brasil
3533908;Interior;Olímpia;Olímpia, São Paulo, Brasil;15373;318;São Paulo;Brasil
3534005;Interior;Onda Verde;Onda Verde, São Paulo, Brasil;961;29;São Paulo;Brasil
3534104;Interior;Oriente;Oriente, São Paulo, Brasil;442;29;São Paulo;Brasil
3534203;Interior;Orindiúva;Orindiúva, São Paulo, Brasil;2455;20;São Paulo;Brasil
3534302;Interior;Orlândia;Orlândia, São Paulo, Brasil;8364;132;São Paulo;Brasil
3534401;RMSP (exceto capital);Osasco;Osasco, São Paulo, Brasil;49122;3168;São Paulo;Brasil
3534500;Interior;Oscar Bressane;Oscar Bressane, São Paulo, Brasil;731;10;São Paulo;Brasil
3534609;Interior;Osvaldo Cruz;Osvaldo Cruz, São Paulo, Brasil;10109;142;São Paulo;Brasil
3534708;Interior;Ourinhos;Ourinhos, São Paulo, Brasil;27469;599;São Paulo;Brasil
3534757;Interior;Ouroeste;Ouroeste, São Paulo, Brasil;3058;53;São Paulo;Brasil
3534807;Interior;Ouro Verde;Ouro Verde, São Paulo, Brasil;1148;40;São Paulo;Brasil
3534906;Interior;Pacaembu;Pacaembu, São Paulo, Brasil;3883;57;São Paulo;Brasil
3535002;Interior;Palestina;Palestina, São Paulo, Brasil;2738;52;São Paulo;Brasil
3535101;Interior;Palmares Paulista;Palmares Paulista, São Paulo, Brasil;2275;47;São Paulo;Brasil
3535200;Interior;Palmeira d'Oeste;Palmeira d'Oeste, São Paulo, Brasil;2721;44;São Paulo;Brasil
3535309;Interior;Palmital;Palmital, São Paulo, Brasil;4940;83;São Paulo;Brasil
3535408;Interior;Panorama;Panorama, São Paulo, Brasil;2712;85;São Paulo;Brasil
3535507;Interior;Paraguaçu Paulista;Paraguaçu Paulista, São Paulo, Brasil;10248;177;São Paulo;Brasil
3535606;Interior;Paraibuna;Paraibuna, São Paulo, Brasil;1356;60;São Paulo;Brasil
3535705;Interior;Paraíso;Paraíso, São Paulo, Brasil;1386;31;São Paulo;Brasil
3535804;Interior;Paranapanema;Paranapanema, São Paulo, Brasil;2167;91;São Paulo;Brasil
3535903;Interior;Paranapuã;Paranapuã, São Paulo, Brasil;1355;29;São Paulo;Brasil
3536000;Interior;Parapuã;Parapuã, São Paulo, Brasil;1610;52;São Paulo;Brasil
3536109;Interior;Pardinho;Pardinho, São Paulo, Brasil;1212;19;São Paulo;Brasil
3536208;Interior;Pariquera-Açu;Pariquera-Açu, São Paulo, Brasil;4491;76;São Paulo;Brasil
3536257;Interior;Parisi;Parisi, São Paulo, Brasil;1040;20;São Paulo;Brasil
3536307;Interior;Patrocínio Paulista;Patrocínio Paulista, São Paulo, Brasil;1147;45;São Paulo;Brasil
3536406;Interior;Paulicéia;Paulicéia, São Paulo, Brasil;1919;28;São Paulo;Brasil
3536505;Interior;Paulínia;Paulínia, São Paulo, Brasil;25813;351;São Paulo;Brasil
3536570;Interior;Paulistânia;Paulistânia, São Paulo, Brasil;214;7;São Paulo;Brasil
3536604;Interior;Paulo de Faria;Paulo de Faria, São Paulo, Brasil;1620;45;São Paulo;Brasil
3536703;Interior;Pederneiras;Pederneiras, São Paulo, Brasil;10339;145;São Paulo;Brasil
3536802;Interior;Pedra Bela;Pedra Bela, São Paulo, Brasil;296;11;São Paulo;Brasil
3536901;Interior;Pedranópolis;Pedranópolis, São Paulo, Brasil;281;11;São Paulo;Brasil
3537008;Interior;Pedregulho;Pedregulho, São Paulo, Brasil;392;28;São Paulo;Brasil
3537107;Interior;Pedreira;Pedreira, São Paulo, Brasil;6249;146;São Paulo;Brasil
3537156;Interior;Pedrinhas Paulista;Pedrinhas Paulista, São Paulo, Brasil;781;15;São Paulo;Brasil
3537206;Interior;Pedro de Toledo;Pedro de Toledo, São Paulo, Brasil;1116;25;São Paulo;Brasil
3537305;Interior;Penápolis;Penápolis, São Paulo, Brasil;20567;327;São Paulo;Brasil
3537404;Interior;Pereira Barreto;Pereira Barreto, São Paulo, Brasil;5665;119;São Paulo;Brasil
3537503;Interior;Pereiras;Pereiras, São Paulo, Brasil;1216;23;São Paulo;Brasil
3537602;Interior;Peruíbe;Peruíbe, São Paulo, Brasil;12409;308;São Paulo;Brasil
3537701;Interior;Piacatu;Piacatu, São Paulo, Brasil;1862;11;São Paulo;Brasil
3537800;Interior;Piedade;Piedade, São Paulo, Brasil;9406;193;São Paulo;Brasil
3537909;Interior;Pilar do Sul;Pilar do Sul, São Paulo, Brasil;6770;93;São Paulo;Brasil
3538006;Interior;Pindamonhangaba;Pindamonhangaba, São Paulo, Brasil;38631;598;São Paulo;Brasil
3538105;Interior;Pindorama;Pindorama, São Paulo, Brasil;4023;70;São Paulo;Brasil
3538204;Interior;Pinhalzinho;Pinhalzinho, São Paulo, Brasil;2738;41;São Paulo;Brasil
3538303;Interior;Piquerobi;Piquerobi, São Paulo, Brasil;257;9;São Paulo;Brasil
3538501;Interior;Piquete;Piquete, São Paulo, Brasil;419;35;São Paulo;Brasil
3538600;Interior;Piracaia;Piracaia, São Paulo, Brasil;6107;104;São Paulo;Brasil
3538709;Interior;Piracicaba;Piracicaba, São Paulo, Brasil;106152;1683;São Paulo;Brasil
3538808;Interior;Piraju;Piraju, São Paulo, Brasil;7551;121;São Paulo;Brasil
3538907;Interior;Pirajuí;Pirajuí, São Paulo, Brasil;5103;76;São Paulo;Brasil
3539004;Interior;Pirangi;Pirangi, São Paulo, Brasil;3238;74;São Paulo;Brasil
3539103;RMSP (exceto capital);Pirapora do Bom Jesus;Pirapora do Bom Jesus, São Paulo, Brasil;1678;26;São Paulo;Brasil
3539202;Interior;Pirapozinho;Pirapozinho, São Paulo, Brasil;4367;92;São Paulo;Brasil
3539301;Interior;Pirassununga;Pirassununga, São Paulo, Brasil;20522;317;São Paulo;Brasil
3539400;Interior;Piratininga;Piratininga, São Paulo, Brasil;2294;51;São Paulo;Brasil
3539509;Interior;Pitangueiras;Pitangueiras, São Paulo, Brasil;8482;194;São Paulo;Brasil
3539608;Interior;Planalto;Planalto, São Paulo, Brasil;671;14;São Paulo;Brasil
3539707;Interior;Platina;Platina, São Paulo, Brasil;752;12;São Paulo;Brasil
3539806;RMSP (exceto capital);Poá;Poá, São Paulo, Brasil;12112;444;São Paulo;Brasil
3539905;Interior;Poloni;Poloni, São Paulo, Brasil;1962;24;São Paulo;Brasil
3540002;Interior;Pompéia;Pompéia, São Paulo, Brasil;1052;60;São Paulo;Brasil
3540101;Interior;Pongaí;Pongaí, São Paulo, Brasil;398;12;São Paulo;Brasil
3540200;Interior;Pontal;Pontal, São Paulo, Brasil;8766;187;São Paulo;Brasil
3540259;Interior;Pontalinda;Pontalinda, São Paulo, Brasil;603;20;São Paulo;Brasil
3540309;Interior;Pontes Gestal;Pontes Gestal, São Paulo, Brasil;947;12;São Paulo;Brasil
3540408;Interior;Populina;Populina, São Paulo, Brasil;1564;23;São Paulo;Brasil
3540507;Interior;Porangaba;Porangaba, São Paulo, Brasil;1244;26;São Paulo;Brasil
3540606;Interior;Porto Feliz;Porto Feliz, São Paulo, Brasil;14337;192;São Paulo;Brasil
3540705;Interior;Porto Ferreira;Porto Ferreira, São Paulo, Brasil;17548;219;São Paulo;Brasil
3540754;Interior;Potim;Potim, São Paulo, Brasil;3663;41;São Paulo;Brasil
3540804;Interior;Potirendaba;Potirendaba, São Paulo, Brasil;6064;100;São Paulo;Brasil
3540853;Interior;Pracinha;Pracinha, São Paulo, Brasil;511;6;São Paulo;Brasil
3540903;Interior;Pradópolis;Pradópolis, São Paulo, Brasil;2062;48;São Paulo;Brasil
3541000;Interior;Praia Grande;Praia Grande, São Paulo, Brasil;31985;1383;São Paulo;Brasil
3541059;Interior;Pratânia;Pratânia, São Paulo, Brasil;1560;19;São Paulo;Brasil
3541109;Interior;Presidente Alves;Presidente Alves, São Paulo, Brasil;727;11;São Paulo;Brasil
3541208;Interior;Presidente Bernardes;Presidente Bernardes, São Paulo, Brasil;1418;53;São Paulo;Brasil
3541307;Interior;Presidente Epitácio;Presidente Epitácio, São Paulo, Brasil;6981;151;São Paulo;Brasil
3541406;Interior;Presidente Prudente;Presidente Prudente, São Paulo, Brasil;43286;1090;São Paulo;Brasil
3541505;Interior;Presidente Venceslau;Presidente Venceslau, São Paulo, Brasil;6190;140;São Paulo;Brasil
3541604;Interior;Promissão;Promissão, São Paulo, Brasil;10387;131;São Paulo;Brasil
3541653;Interior;Quadra;Quadra, São Paulo, Brasil;252;9;São Paulo;Brasil
3541703;Interior;Quatá;Quatá, São Paulo, Brasil;2933;32;São Paulo;Brasil
3541802;Interior;Queiroz;Queiroz, São Paulo, Brasil;1061;3;São Paulo;Brasil
3541901;Interior;Queluz;Queluz, São Paulo, Brasil;1097;32;São Paulo;Brasil
3542008;Interior;Quintana;Quintana, São Paulo, Brasil;589;34;São Paulo;Brasil
3542107;Interior;Rafard;Rafard, São Paulo, Brasil;1172;18;São Paulo;Brasil
3542206;Interior;Rancharia;Rancharia, São Paulo, Brasil;7837;120;São Paulo;Brasil
3542305;Interior;Redenção da Serra;Redenção da Serra, São Paulo, Brasil;124;7;São Paulo;Brasil
3542404;Interior;Regente Feijó;Regente Feijó, São Paulo, Brasil;2180;81;São Paulo;Brasil
3542503;Interior;Reginópolis;Reginópolis, São Paulo, Brasil;1000;26;São Paulo;Brasil
3542602;Interior;Registro;Registro, São Paulo, Brasil;13171;256;São Paulo;Brasil
3542701;Interior;Restinga;Restinga, São Paulo, Brasil;731;10;São Paulo;Brasil
3542800;Interior;Ribeira;Ribeira, São Paulo, Brasil;539;9;São Paulo;Brasil
3542909;Interior;Ribeirão Bonito;Ribeirão Bonito, São Paulo, Brasil;1825;34;São Paulo;Brasil
3543006;Interior;Ribeirão Branco;Ribeirão Branco, São Paulo, Brasil;2750;72;São Paulo;Brasil
3543105;Interior;Ribeirão Corrente;Ribeirão Corrente, São Paulo, Brasil;347;6;São Paulo;Brasil
3543204;Interior;Ribeirão do Sul;Ribeirão do Sul, São Paulo, Brasil;722;27;São Paulo;Brasil
3543238;Interior;Ribeirão dos Índios;Ribeirão dos Índios, São Paulo, Brasil;119;8;São Paulo;Brasil
3543253;Interior;Ribeirão Grande;Ribeirão Grande, São Paulo, Brasil;534;30;São Paulo;Brasil
3543303;RMSP (exceto capital);Ribeirão Pires;Ribeirão Pires, São Paulo, Brasil;14030;404;São Paulo;Brasil
3543402;Interior;Ribeirão Preto;Ribeirão Preto, São Paulo, Brasil;106516;3534;São Paulo;Brasil
3543501;Interior;Riversul;Riversul, São Paulo, Brasil;1046;32;São Paulo;Brasil
3543600;Interior;Rifaina;Rifaina, São Paulo, Brasil;1066;13;São Paulo;Brasil
3543709;Interior;Rincão;Rincão, São Paulo, Brasil;2168;50;São Paulo;Brasil
3543808;Interior;Rinópolis;Rinópolis, São Paulo, Brasil;675;21;São Paulo;Brasil
3543907;Interior;Rio Claro;Rio Claro, São Paulo, Brasil;13997;728;São Paulo;Brasil
3544004;Interior;Rio das Pedras;Rio das Pedras, São Paulo, Brasil;3744;121;São Paulo;Brasil
3544103;RMSP (exceto capital);Rio Grande da Serra;Rio Grande da Serra, São Paulo, Brasil;2434;110;São Paulo;Brasil
3544202;Interior;Riolândia;Riolândia, São Paulo, Brasil;3040;34;São Paulo;Brasil
3544251;Interior;Rosana;Rosana, São Paulo, Brasil;5014;56;São Paulo;Brasil
3544301;Interior;Roseira;Roseira, São Paulo, Brasil;1614;33;São Paulo;Brasil
3544400;Interior;Rubiácea;Rubiácea, São Paulo, Brasil;735;11;São Paulo;Brasil
3544509;Interior;Rubinéia;Rubinéia, São Paulo, Brasil;1395;20;São Paulo;Brasil
3544608;Interior;Sabino;Sabino, São Paulo, Brasil;310;32;São Paulo;Brasil
3544707;Interior;Sagres;Sagres, São Paulo, Brasil;267;4;São Paulo;Brasil
3544806;Interior;Sales;Sales, São Paulo, Brasil;1219;48;São Paulo;Brasil
3544905;Interior;Sales Oliveira;Sales Oliveira, São Paulo, Brasil;1862;33;São Paulo;Brasil
3545001;RMSP (exceto capital);Salesópolis;Salesópolis, São Paulo, Brasil;729;64;São Paulo;Brasil
3545100;Interior;Salmourão;Salmourão, São Paulo, Brasil;527;26;São Paulo;Brasil
3545159;Interior;Saltinho;Saltinho, São Paulo, Brasil;2578;26;São Paulo;Brasil
3545209;Interior;Salto;Salto, São Paulo, Brasil;26225;537;São Paulo;Brasil
3545308;Interior;Salto de Pirapora;Salto de Pirapora, São Paulo, Brasil;4476;191;São Paulo;Brasil
3545407;Interior;Salto Grande;Salto Grande, São Paulo, Brasil;2098;19;São Paulo;Brasil
3545506;Interior;Sandovalina;Sandovalina, São Paulo, Brasil;722;16;São Paulo;Brasil
3545605;Interior;Santa Adélia;Santa Adélia, São Paulo, Brasil;2847;71;São Paulo;Brasil
3545704;Interior;Santa Albertina;Santa Albertina, São Paulo, Brasil;2431;29;São Paulo;Brasil
3545803;Interior;Santa Bárbara d'Oeste;Santa Bárbara d'Oeste, São Paulo, Brasil;37948;914;São Paulo;Brasil
3546009;Interior;Santa Branca;Santa Branca, São Paulo, Brasil;2190;37;São Paulo;Brasil
3546108;Interior;Santa Clara d'Oeste;Santa Clara d'Oeste, São Paulo, Brasil;559;26;São Paulo;Brasil
3546207;Interior;Santa Cruz da Conceição;Santa Cruz da Conceição, São Paulo, Brasil;2107;17;São Paulo;Brasil
3546256;Interior;Santa Cruz da Esperança;Santa Cruz da Esperança, São Paulo, Brasil;206;8;São Paulo;Brasil
3546306;Interior;Santa Cruz das Palmeiras;Santa Cruz das Palmeiras, São Paulo, Brasil;5864;140;São Paulo;Brasil
3546405;Interior;Santa Cruz do Rio Pardo;Santa Cruz do Rio Pardo, São Paulo, Brasil;9297;207;São Paulo;Brasil
3546504;Interior;Santa Ernestina;Santa Ernestina, São Paulo, Brasil;559;22;São Paulo;Brasil
3546603;Interior;Santa Fé do Sul;Santa Fé do Sul, São Paulo, Brasil;9781;163;São Paulo;Brasil
3546702;Interior;Santa Gertrudes;Santa Gertrudes, São Paulo, Brasil;3947;88;São Paulo;Brasil
3546801;RMSP (exceto capital);Santa Isabel;Santa Isabel, São Paulo, Brasil;9252;299;São Paulo;Brasil
3546900;Interior;Santa Lúcia;Santa Lúcia, São Paulo, Brasil;800;27;São Paulo;Brasil
3547007;Interior;Santa Maria da Serra;Santa Maria da Serra, São Paulo, Brasil;1363;12;São Paulo;Brasil
3547106;Interior;Santa Mercedes;Santa Mercedes, São Paulo, Brasil;909;11;São Paulo;Brasil
3547205;Interior;Santana da Ponte Pensa;Santa Rita d'Oeste, São Paulo, Brasil;573;6;São Paulo;Brasil
3547304;RMSP (exceto capital);Santana de Parnaíba;Santa Rita do Passa Quatro, São Paulo, Brasil;28042;447;São Paulo;Brasil
3547403;Interior;Santa Rita d'Oeste;Santa Rosa de Viterbo, São Paulo, Brasil;442;15;São Paulo;Brasil
3547502;Interior;Santa Rita do Passa Quatro;Santa Salete, São Paulo, Brasil;1842;49;São Paulo;Brasil
3547601;Interior;Santa Rosa de Viterbo;Santana da Ponte Pensa, São Paulo, Brasil;2515;60;São Paulo;Brasil
3547650;Interior;Santa Salete;Santana de Parnaíba, São Paulo, Brasil;719;9;São Paulo;Brasil
3547700;Interior;Santo Anastácio;Santo Anastácio, São Paulo, Brasil;4037;72;São Paulo;Brasil
3547809;RMSP (exceto capital);Santo André;Santo André, São Paulo, Brasil;99875;3567;São Paulo;Brasil
3547908;Interior;Santo Antônio da Alegria;Santo Antônio da Alegria, São Paulo, Brasil;543;25;São Paulo;Brasil
3548005;Interior;Santo Antônio de Posse;Santo Antônio de Posse, São Paulo, Brasil;4965;73;São Paulo;Brasil
3548054;Interior;Santo Antônio do Aracanguá;Santo Antônio do Aracanguá, São Paulo, Brasil;593;40;São Paulo;Brasil
3548104;Interior;Santo Antônio do Jardim;Santo Antônio do Jardim, São Paulo, Brasil;1419;25;São Paulo;Brasil
3548203;Interior;Santo Antônio do Pinhal;Santo Antônio do Pinhal, São Paulo, Brasil;1577;10;São Paulo;Brasil
3548302;Interior;Santo Expedito;Santo Expedito, São Paulo, Brasil;216;11;São Paulo;Brasil
3548401;Interior;Santópolis do Aguapeí;Santópolis do Aguapeí, São Paulo, Brasil;762;19;São Paulo;Brasil
3548500;Interior;Santos;Santos, São Paulo, Brasil;87022;2660;São Paulo;Brasil
3548609;Interior;São Bento do Sapucaí;São Bento do Sapucaí, São Paulo, Brasil;821;14;São Paulo;Brasil
3548708;RMSP (exceto capital);São Bernardo do Campo;São Bernardo do Campo, São Paulo, Brasil;77711;3868;São Paulo;Brasil
3548807;RMSP (exceto capital);São Caetano do Sul;São Caetano do Sul, São Paulo, Brasil;38611;1184;São Paulo;Brasil
3548906;Interior;São Carlos;São Carlos, São Paulo, Brasil;36770;643;São Paulo;Brasil
3549003;Interior;São Francisco;São Francisco, São Paulo, Brasil;843;21;São Paulo;Brasil
3549102;Interior;São João da Boa Vista;São João da Boa Vista, São Paulo, Brasil;25944;390;São Paulo;Brasil
3549201;Interior;São João das Duas Pontes;São João das Duas Pontes, São Paulo, Brasil;779;10;São Paulo;Brasil
3549250;Interior;São João de Iracema;São João de Iracema, São Paulo, Brasil;923;10;São Paulo;Brasil
3549300;Interior;São João do Pau d'Alho;São João do Pau d'Alho, São Paulo, Brasil;220;4;São Paulo;Brasil
3549409;Interior;São Joaquim da Barra;São Joaquim da Barra, São Paulo, Brasil;7453;182;São Paulo;Brasil
3549508;Interior;São José da Bela Vista;São José da Bela Vista, São Paulo, Brasil;338;23;São Paulo;Brasil
3549607;Interior;São José do Barreiro;São José do Barreiro, São Paulo, Brasil;763;9;São Paulo;Brasil
3549706;Interior;São José do Rio Pardo;São José do Rio Pardo, São Paulo, Brasil;8031;184;São Paulo;Brasil
3549805;Interior;São José do Rio Preto;São José do Rio Preto, São Paulo, Brasil;163822;3225;São Paulo;Brasil
3549904;Interior;São José dos Campos;São José dos Campos, São Paulo, Brasil;132873;2394;São Paulo;Brasil
3549953;RMSP (exceto capital);São Lourenço da Serra;São Lourenço da Serra, São Paulo, Brasil;711;42;São Paulo;Brasil
3550001;Interior;São Luiz do Paraitinga;São Luiz do Paraitinga, São Paulo, Brasil;975;37;São Paulo;Brasil
3550100;Interior;São Manuel;São Manuel, São Paulo, Brasil;6700;175;São Paulo;Brasil
3550209;Interior;São Miguel Arcanjo;São Miguel Arcanjo, São Paulo, Brasil;4827;91;São Paulo;Brasil
3550308;Capital;São Paulo;São Paulo, São Paulo, Brasil;1179377;44971;São Paulo;Brasil
3550407;Interior;São Pedro;São Pedro, São Paulo, Brasil;10721;126;São Paulo;Brasil
3550506;Interior;São Pedro do Turvo;São Pedro do Turvo, São Paulo, Brasil;1022;16;São Paulo;Brasil
3550605;Interior;São Roque;São Roque, São Paulo, Brasil;7213;137;São Paulo;Brasil
3550704;Interior;São Sebastião;São Sebastião, São Paulo, Brasil;8797;204;São Paulo;Brasil
3550803;Interior;São Sebastião da Grama;São Sebastião da Grama, São Paulo, Brasil;2771;39;São Paulo;Brasil
3550902;Interior;São Simão;São Simão, São Paulo, Brasil;1693;39;São Paulo;Brasil
3551009;Interior;São Vicente;São Vicente, São Paulo, Brasil;31457;1472;São Paulo;Brasil
3551108;Interior;Sarapuí;Sarapuí, São Paulo, Brasil;525;7;São Paulo;Brasil
3551207;Interior;Sarutaiá;Sarutaiá, São Paulo, Brasil;155;23;São Paulo;Brasil
3551306;Interior;Sebastianópolis do Sul;Sebastianópolis do Sul, São Paulo, Brasil;362;12;São Paulo;Brasil
3551405;Interior;Serra Azul;Serra Azul, São Paulo, Brasil;1474;21;São Paulo;Brasil
3551504;Interior;Serrana;Serra Negra, São Paulo, Brasil;11952;151;São Paulo;Brasil
3551603;Interior;Serra Negra;Serrana, São Paulo, Brasil;7051;102;São Paulo;Brasil
3551702;Interior;Sertãozinho;Sertãozinho, São Paulo, Brasil;20313;573;São Paulo;Brasil
3551801;Interior;Sete Barras;Sete Barras, São Paulo, Brasil;3028;48;São Paulo;Brasil
3551900;Interior;Severínia;Severínia, São Paulo, Brasil;2845;85;São Paulo;Brasil
3552007;Interior;Silveiras;Silveiras, São Paulo, Brasil;568;11;São Paulo;Brasil
3552106;Interior;Socorro;Socorro, São Paulo, Brasil;6600;116;São Paulo;Brasil
3552205;Interior;Sorocaba;Sorocaba, São Paulo, Brasil;112084;3249;São Paulo;Brasil
3552304;Interior;Sud Mennucci;Sud Mennucci, São Paulo, Brasil;967;24;São Paulo;Brasil
3552403;Interior;Sumaré;Sumaré, São Paulo, Brasil;41897;1007;São Paulo;Brasil
3552502;RMSP (exceto capital);Suzano;Suzanápolis, São Paulo, Brasil;29539;1055;São Paulo;Brasil
3552551;Interior;Suzanápolis;Suzano, São Paulo, Brasil;505;12;São Paulo;Brasil
3552601;Interior;Tabapuã;Tabapuã, São Paulo, Brasil;3398;75;São Paulo;Brasil
3552700;Interior;Tabatinga;Tabatinga, São Paulo, Brasil;3057;60;São Paulo;Brasil
3552809;RMSP (exceto capital);Taboão da Serra;Taboão da Serra, São Paulo, Brasil;19993;1054;São Paulo;Brasil
3552908;Interior;Taciba;Taciba, São Paulo, Brasil;864;27;São Paulo;Brasil
3553005;Interior;Taguaí;Taguaí, São Paulo, Brasil;3501;47;São Paulo;Brasil
3553104;Interior;Taiaçu;Taiaçu, São Paulo, Brasil;1469;19;São Paulo;Brasil
3553203;Interior;Taiúva;Taiúva, São Paulo, Brasil;1102;19;São Paulo;Brasil
3553302;Interior;Tambaú;Tambaú, São Paulo, Brasil;5458;63;São Paulo;Brasil
3553401;Interior;Tanabi;Tanabi, São Paulo, Brasil;7181;138;São Paulo;Brasil
3553500;Interior;Tapiraí;Tapiraí, São Paulo, Brasil;873;11;São Paulo;Brasil
3553609;Interior;Tapiratiba;Tapiratiba, São Paulo, Brasil;3098;43;São Paulo;Brasil
3553658;Interior;Taquaral;Taquaral, São Paulo, Brasil;403;13;São Paulo;Brasil
3553708;Interior;Taquaritinga;Taquaritinga, São Paulo, Brasil;14811;251;São Paulo;Brasil
3553807;Interior;Taquarituba;Taquarituba, São Paulo, Brasil;7355;121;São Paulo;Brasil
3553856;Interior;Taquarivaí;Taquarivaí, São Paulo, Brasil;1020;22;São Paulo;Brasil
3553906;Interior;Tarabai;Tarabai, São Paulo, Brasil;1016;36;São Paulo;Brasil
3553955;Interior;Tarumã;Tarumã, São Paulo, Brasil;1822;58;São Paulo;Brasil
3554003;Interior;Tatuí;Tatuí, São Paulo, Brasil;22217;535;São Paulo;Brasil
3554102;Interior;Taubaté;Taubaté, São Paulo, Brasil;38912;1199;São Paulo;Brasil
3554201;Interior;Tejupá;Tejupá, São Paulo, Brasil;432;13;São Paulo;Brasil
3554300;Interior;Teodoro Sampaio;Teodoro Sampaio, São Paulo, Brasil;4025;61;São Paulo;Brasil
3554409;Interior;Terra Roxa;Terra Roxa, São Paulo, Brasil;1394;40;São Paulo;Brasil
3554508;Interior;Tietê;Tietê, São Paulo, Brasil;8902;132;São Paulo;Brasil
3554607;Interior;Timburi;Timburi, São Paulo, Brasil;879;16;São Paulo;Brasil
3554656;Interior;Torre de Pedra;Torre de Pedra, São Paulo, Brasil;235;13;São Paulo;Brasil
3554706;Interior;Torrinha;Torrinha, São Paulo, Brasil;4006;27;São Paulo;Brasil
3554755;Interior;Trabiju;Trabiju, São Paulo, Brasil;459;5;São Paulo;Brasil
3554805;Interior;Tremembé;Tremembé, São Paulo, Brasil;2985;72;São Paulo;Brasil
3554904;Interior;Três Fronteiras;Três Fronteiras, São Paulo, Brasil;1963;39;São Paulo;Brasil
3554953;Interior;Tuiuti;Tuiuti, São Paulo, Brasil;1321;23;São Paulo;Brasil
3555000;Interior;Tupã;Tupã, São Paulo, Brasil;8244;340;São Paulo;Brasil
3555109;Interior;Tupi Paulista;Tupi Paulista, São Paulo, Brasil;4365;56;São Paulo;Brasil
3555208;Interior;Turiúba;Turiúba, São Paulo, Brasil;564;4;São Paulo;Brasil
3555307;Interior;Turmalina;Turmalina, São Paulo, Brasil;595;7;São Paulo;Brasil
3555356;Interior;Ubarana;Ubarana, São Paulo, Brasil;1730;24;São Paulo;Brasil
3555406;Interior;Ubatuba;Ubatuba, São Paulo, Brasil;12786;160;São Paulo;Brasil
3555505;Interior;Ubirajara;Ubirajara, São Paulo, Brasil;581;15;São Paulo;Brasil
3555604;Interior;Uchoa;Uchoa, São Paulo, Brasil;2099;44;São Paulo;Brasil
3555703;Interior;União Paulista;União Paulista, São Paulo, Brasil;319;7;São Paulo;Brasil
3555802;Interior;Urânia;Urânia, São Paulo, Brasil;3525;52;São Paulo;Brasil
3555901;Interior;Uru;Uru, São Paulo, Brasil;432;6;São Paulo;Brasil
3556008;Interior;Urupês;Urupês, São Paulo, Brasil;945;59;São Paulo;Brasil
3556107;Interior;Valentim Gentil;Valentim Gentil, São Paulo, Brasil;5069;79;São Paulo;Brasil
3556206;Interior;Valinhos;Valinhos, São Paulo, Brasil;25900;555;São Paulo;Brasil
3556305;Interior;Valparaíso;Valparaíso, São Paulo, Brasil;5486;91;São Paulo;Brasil
3556354;Interior;Vargem;Vargem, São Paulo, Brasil;651;27;São Paulo;Brasil
3556404;Interior;Vargem Grande do Sul;Vargem Grande do Sul, São Paulo, Brasil;6523;120;São Paulo;Brasil
3556453;RMSP (exceto capital);Vargem Grande Paulista;Vargem Grande Paulista, São Paulo, Brasil;7121;140;São Paulo;Brasil
3556503;Interior;Várzea Paulista;Várzea Paulista, São Paulo, Brasil;14937;314;São Paulo;Brasil
3556602;Interior;Vera Cruz;Vera Cruz, São Paulo, Brasil;724;50;São Paulo;Brasil
3556701;Interior;Vinhedo;Vinhedo, São Paulo, Brasil;18910;254;São Paulo;Brasil
3556800;Interior;Viradouro;Viradouro, São Paulo, Brasil;3650;110;São Paulo;Brasil
3556909;Interior;Vista Alegre do Alto;Vista Alegre do Alto, São Paulo, Brasil;1919;25;São Paulo;Brasil
3556958;Interior;Vitória Brasil;Vitória Brasil, São Paulo, Brasil;774;11;São Paulo;Brasil
3557006;Interior;Votorantim;Votorantim, São Paulo, Brasil;12598;577;São Paulo;Brasil
3557105;Interior;Votuporanga;Votuporanga, São Paulo, Brasil;33307;511;São Paulo;Brasil
3557154;Interior;Zacarias;Zacarias, São Paulo, Brasil;326;12;São Paulo;Brasil
3557204;Interior;Chavantes;;2794;62;São Paulo;Brasil
3557303;Interior;Estiva Gerbi;;1270;37;São Paulo;Brasil
;;Ignorado;;269;0;São Paulo;Brasil
